{
  "nativePlugins": [
    {
      "plugins": [
        {
          "type": "module",
          "name": "TestModule",
          "class": "io.dcloud.uniplugin.TestModule"
        }
      ]
    },
    {
      "plugins": [
        {
          "type": "module",
          "name": "JiaLianPay",
          "class": "com.genhesoft.pay_module.JiaLianPay"
        }
      ]
    },
    {
      "plugins": [
        {
          "type": "component",
          "name": "myText",
          "class": "io.dcloud.uniplugin.TestText"
        }
      ]
    },
    {
      "hooksClass": "",
      "plugins": [
        {
          "type": "module",
          "name": "DCloud-RichAlert",
          "class": "uni.dcloud.io.uniplugin_richalert.RichAlertModule"
        }
      ]
    }
  ]
}